[
  {"name": "Peter Berg", "year": 2013, "gross": 2300},
  {"name": "Peter Berg", "year": 2013, "gross": 2300},
  {"name": "Peter Berg", "year": 2013, "gross": 2300},
  {"name": "Peter Berg", "year": 2013, "gross": 2300},
  {"name": "Peter Berg", "year": 2013, "gross": 2300},
  {"name": "Peter Berg", "year": 2013, "gross": 2300},
  {"name": "Peter Berg", "year": 2013, "gross": 2300},
  {"name": "Peter Berg", "year": 2013, "gross": 2300},
  {"name": "Peter Berg", "year": 2013, "gross": 2300},
  {"name": "Peter Berg", "year": 2013, "gross": 2300},
  {"name": "Peter Berg", "year": 2013, "gross": 2300}
]
