[
  {"truck": "142", "type": "Gas", "status": "Active", "license": 12345, "exp": "04/24/2026", "vin": 709, "reg": "AK", "ownership": "Company Truck", "available": true},
  {"truck": "143", "type": "Gas", "status": "Active", "license": 12345, "exp": "04/24/2026", "vin": 709, "reg": "AK", "ownership": "Company Truck", "available": true},
  {"truck": "144", "type": "Gas", "status": "Active", "license": 12345, "exp": "04/24/2026", "vin": 709, "reg": "AK", "ownership": "Company Truck", "available": true},
  {"truck": "145", "type": "Gas", "status": "Active", "license": 12345, "exp": "04/24/2026", "vin": 709, "reg": "AK", "ownership": "Company Truck", "available": true},
  {"truck": "146", "type": "Gas", "status": "Active", "license": 12345, "exp": "04/24/2026", "vin": 709, "reg": "AK", "ownership": "Company Truck", "available": true},
  {"truck": "147", "type": "Gas", "status": "Active", "license": 12345, "exp": "04/24/2026", "vin": 709, "reg": "AK", "ownership": "Company Truck", "available": true},
  {"truck": "148", "type": "Gas", "status": "Active", "license": 12345, "exp": "04/24/2026", "vin": 709, "reg": "AK", "ownership": "Company Truck", "available": true},
  {"truck": "149", "type": "Gas", "status": "Active", "license": 12345, "exp": "04/24/2026", "vin": 709, "reg": "AK", "ownership": "Company Truck", "available": true},
  {"truck": "150", "type": "Gas", "status": "Active", "license": 12345, "exp": "04/24/2026", "vin": 709, "reg": "AK", "ownership": "Company Truck", "available": true},
  {"truck": "151", "type": "Gas", "status": "Active", "license": 12345, "exp": "04/24/2026", "vin": 709, "reg": "AK", "ownership": "Company Truck", "available": true},
  {"truck": "152", "type": "Gas", "status": "Active", "license": 12345, "exp": "04/24/2026", "vin": 709, "reg": "AK", "ownership": "Company Truck", "available": true},
  {"truck": "153", "type": "Gas", "status": "Active", "license": 12345, "exp": "04/24/2026", "vin": 709, "reg": "AK", "ownership": "Company Truck", "available": true},
  {"truck": "154", "type": "Gas", "status": "Active", "license": 12345, "exp": "04/24/2026", "vin": 709, "reg": "AK", "ownership": "Company Truck", "available": true},
  {"truck": "155", "type": "Gas", "status": "Active", "license": 12345, "exp": "04/24/2026", "vin": 709, "reg": "AK", "ownership": "Company Truck", "available": true},
  {"truck": "156", "type": "Gas", "status": "Active", "license": 12345, "exp": "04/24/2026", "vin": 709, "reg": "AK", "ownership": "Company Truck", "available": true},
  {"truck": "157", "type": "Gas", "status": "Active", "license": 12345, "exp": "04/24/2026", "vin": 709, "reg": "AK", "ownership": "Company Truck", "available": true},
  {"truck": "158", "type": "Gas", "status": "Active", "license": 12345, "exp": "04/24/2026", "vin": 709, "reg": "AK", "ownership": "Company Truck", "available": true},
  {"truck": "159", "type": "Gas", "status": "Active", "license": 12345, "exp": "04/24/2026", "vin": 709, "reg": "AK", "ownership": "Company Truck", "available": true},
  {"truck": "160", "type": "Gas", "status": "Active", "license": 12345, "exp": "04/24/2026", "vin": 709, "reg": "AK", "ownership": "Company Truck", "available": true}
]
