[
  {"name": "Load Pickup Late", "frequency": ["Daily"], "level": ["Warning"]},
  {"name": "Load Pickup Late", "frequency": ["Daily"], "level": ["Warning"]},
  {"name": "Load Pickup Late", "frequency": ["Daily"], "level": ["Warning"]},
  {"name": "Load Pickup Late", "frequency": ["Daily"], "level": ["Warning"]},
  {"name": "Load Pickup Late", "frequency": ["Daily"], "level": ["Warning"]},
  {"name": "Load Pickup Late", "frequency": ["Daily"], "level": ["Warning"]},
  {"name": "Load Pickup Late", "frequency": ["Daily"], "level": ["Warning"]},
  {"name": "Load Pickup Late", "frequency": ["Daily"], "level": ["Warning"]},
  {"name": "Load Pickup Late", "frequency": ["Daily"], "level": ["Warning"]},
  {"name": "Load Pickup Late", "frequency": ["Daily"], "level": ["Warning"]},
  {"name": "Load Pickup Late", "frequency": ["Daily"], "level": ["Warning"]},
  {"name": "Load Pickup Late", "frequency": ["Daily"], "level": ["Warning"]},
  {"name": "Load Pickup Late", "frequency": ["Daily"], "level": ["Warning"]},
  {"name": "Load Pickup Late", "frequency": ["Daily"], "level": ["Warning"]},
  {"name": "Load Pickup Late", "frequency": ["Daily"], "level": ["Warning"]},
  {"name": "Load Pickup Late", "frequency": ["Daily"], "level": ["Warning"]},
  {"name": "Load Pickup Late", "frequency": ["Daily"], "level": ["Warning"]},
  {"name": "Load Pickup Late", "frequency": ["Daily"], "level": ["Warning"]},
  {"name": "Load Pickup Late", "frequency": ["Daily"], "level": ["Warning"]}
]
