[
  {"name": "Martin", "address": "Unated States", "city": "Dublin", "zip": 12345, "state": "California", "telephone": "989 588 7667"},
  {"name": "Martin", "address": "Unated States", "city": "Dublin", "zip": 12345, "state": "California", "telephone": "989 588 7667"},
  {"name": "Martin", "address": "Unated States", "city": "Dublin", "zip": 12345, "state": "California", "telephone": "989 588 7667"},
  {"name": "Martin", "address": "Unated States", "city": "Dublin", "zip": 12345, "state": "California", "telephone": "989 588 7667"},
  {"name": "Martin", "address": "Unated States", "city": "Dublin", "zip": 12345, "state": "California", "telephone": "989 588 7667"},
  {"name": "Martin", "address": "Unated States", "city": "Dublin", "zip": 12345, "state": "California", "telephone": "989 588 7667"},
  {"name": "Martin", "address": "Unated States", "city": "Dublin", "zip": 12345, "state": "California", "telephone": "989 588 7667"},
  {"name": "Martin", "address": "Unated States", "city": "Dublin", "zip": 12345, "state": "California", "telephone": "989 588 7667"},
  {"name": "Martin", "address": "Unated States", "city": "Dublin", "zip": 12345, "state": "California", "telephone": "989 588 7667"},
  {"name": "Martin", "address": "Unated States", "city": "Dublin", "zip": 12345, "state": "California", "telephone": "989 588 7667"},
  {"name": "Martin", "address": "Unated States", "city": "Dublin", "zip": 12345, "state": "California", "telephone": "989 588 7667"},
  {"name": "Martin", "address": "Unated States", "city": "Dublin", "zip": 12345, "state": "California", "telephone": "989 588 7667"},
  {"name": "Martin", "address": "Unated States", "city": "Dublin", "zip": 12345, "state": "California", "telephone": "989 588 7667"}
]
