[
  {"date": "08/24/2015", "category": "Fuel", "expense": "Truck 21", "description": "Lorem ipsum dolor sit amet, consectetur adipiscing", "amount": 100, "buttons": [{"class":"edit", "href": "/"},{"class":"copy", "href": "/"},{"class":"remove", "href": "/"}]},
  {"date": "08/24/2015", "category": "Fuel", "expense": "Truck 21", "description": "Lorem ipsum dolor sit amet, consectetur adipiscing", "amount": 100, "buttons": [{"class":"edit", "href": "/"},{"class":"copy", "href": "/"},{"class":"remove", "href": "/"}]},
  {"date": "08/24/2015", "category": "Fuel", "expense": "Truck 21", "description": "Lorem ipsum dolor sit amet, consectetur adipiscing", "amount": 100, "buttons": [{"class":"edit", "href": "/"},{"class":"copy", "href": "/"},{"class":"remove", "href": "/"}]},
  {"date": "08/24/2015", "category": "Fuel", "expense": "Truck 21", "description": "Lorem ipsum dolor sit amet, consectetur adipiscing", "amount": 100, "buttons": [{"class":"edit", "href": "/"},{"class":"copy", "href": "/"},{"class":"remove", "href": "/"}]},
  {"date": "08/24/2015", "category": "Fuel", "expense": "Truck 21", "description": "Lorem ipsum dolor sit amet, consectetur adipiscing", "amount": 100, "buttons": [{"class":"edit", "href": "/"},{"class":"copy", "href": "/"},{"class":"remove", "href": "/"}]},
  {"date": "08/24/2015", "category": "Fuel", "expense": "Truck 21", "description": "Lorem ipsum dolor sit amet, consectetur adipiscing", "amount": 100, "buttons": [{"class":"edit", "href": "/"},{"class":"copy", "href": "/"},{"class":"remove", "href": "/"}]},
  {"date": "08/24/2015", "category": "Fuel", "expense": "Truck 21", "description": "Lorem ipsum dolor sit amet, consectetur adipiscing", "amount": 100, "buttons": [{"class":"edit", "href": "/"},{"class":"copy", "href": "/"},{"class":"remove", "href": "/"}]},
  {"date": "08/24/2015", "category": "Fuel", "expense": "Truck 21", "description": "Lorem ipsum dolor sit amet, consectetur adipiscing", "amount": 100, "buttons": [{"class":"edit", "href": "/"},{"class":"copy", "href": "/"},{"class":"remove", "href": "/"}]},
  {"date": "08/24/2015", "category": "Fuel", "expense": "Truck 21", "description": "Lorem ipsum dolor sit amet, consectetur adipiscing", "amount": 100, "buttons": [{"class":"edit", "href": "/"},{"class":"copy", "href": "/"},{"class":"remove", "href": "/"}]},
  {"date": "08/24/2015", "category": "Fuel", "expense": "Truck 21", "description": "Lorem ipsum dolor sit amet, consectetur adipiscing", "amount": 100, "buttons": [{"class":"edit", "href": "/"},{"class":"copy", "href": "/"},{"class":"remove", "href": "/"}]},
  {"date": "08/24/2015", "category": "Fuel", "expense": "Truck 21", "description": "Lorem ipsum dolor sit amet, consectetur adipiscing", "amount": 100, "buttons": [{"class":"edit", "href": "/"},{"class":"copy", "href": "/"},{"class":"remove", "href": "/"}]},
  {"date": "08/24/2015", "category": "Fuel", "expense": "Truck 21", "description": "Lorem ipsum dolor sit amet, consectetur adipiscing", "amount": 100, "buttons": [{"class":"edit", "href": "/"},{"class":"copy", "href": "/"},{"class":"remove", "href": "/"}]},
  {"date": "08/24/2015", "category": "Fuel", "expense": "Truck 21", "description": "Lorem ipsum dolor sit amet, consectetur adipiscing", "amount": 100, "buttons": [{"class":"edit", "href": "/"},{"class":"copy", "href": "/"},{"class":"remove", "href": "/"}]},
  {"date": "08/24/2015", "category": "Fuel", "expense": "Truck 21", "description": "Lorem ipsum dolor sit amet, consectetur adipiscing", "amount": 100, "buttons": [{"class":"edit", "href": "/"},{"class":"copy", "href": "/"},{"class":"remove", "href": "/"}]},
  {"date": "08/24/2015", "category": "Fuel", "expense": "Truck 21", "description": "Lorem ipsum dolor sit amet, consectetur adipiscing", "amount": 100, "buttons": [{"class":"edit", "href": "/"},{"class":"copy", "href": "/"},{"class":"remove", "href": "/"}]},
  {"date": "08/24/2015", "category": "Fuel", "expense": "Truck 21", "description": "Lorem ipsum dolor sit amet, consectetur adipiscing", "amount": 100, "buttons": [{"class":"edit", "href": "/"},{"class":"copy", "href": "/"},{"class":"remove", "href": "/"}]},
  {"date": "08/24/2015", "category": "Fuel", "expense": "Truck 21", "description": "Lorem ipsum dolor sit amet, consectetur adipiscing", "amount": 100, "buttons": [{"class":"edit", "href": "/"},{"class":"copy", "href": "/"},{"class":"remove", "href": "/"}]},
  {"date": "08/24/2015", "category": "Fuel", "expense": "Truck 21", "description": "Lorem ipsum dolor sit amet, consectetur adipiscing", "amount": 100, "buttons": [{"class":"edit", "href": "/"},{"class":"copy", "href": "/"},{"class":"remove", "href": "/"}]}
]
