[
  {"invoice": "1021", "invoiced": "08/24/2015", "paid": "08/26/2015", "outstanding": 30, "customer": "Nortax", "total": 1000, "balance": 0, "select": ["Created", "Submited", "Paid", "Void", "Submitted"], "status": "Open"},
  {"invoice": "1022", "invoiced": "08/24/2015", "paid": "08/26/2015", "outstanding": 30, "customer": "Nortax", "total": 2000, "balance": 40, "select": ["Created", "Submited", "Paid", "Void", "Submitted"], "status": "Open"},
  {"invoice": "1023", "invoiced": "08/24/2015", "paid": "08/26/2015", "outstanding": 30, "customer": "Nortax", "total": 3000, "balance": 200, "select": ["Created", "Submited", "Paid", "Void", "Submitted"], "status": "Open"},
  {"invoice": "1024", "invoiced": "08/24/2015", "paid": "08/26/2015", "outstanding": 30, "customer": "Nortax", "total": 4000, "balance": 3000, "select": ["Created", "Submited", "Paid", "Void", "Submitted"], "status": "Open"},
  {"invoice": "1025", "invoiced": "08/24/2015", "paid": "08/26/2015", "outstanding": 30, "customer": "Nortax", "total": 5000, "balance": 0, "select": ["Created", "Submited", "Paid", "Void", "Submitted"], "status": "Open"},
  {"invoice": "1026", "invoiced": "08/24/2015", "paid": "08/26/2015", "outstanding": 30, "customer": "Nortax", "total": 6000, "balance": 0, "select": ["Created", "Submited", "Paid", "Void", "Submitted"], "status": "Open"},
  {"invoice": "1027", "invoiced": "08/24/2015", "paid": "08/26/2015", "outstanding": 30, "customer": "Nortax", "total": 7000, "balance": 0, "select": ["Created", "Submited", "Paid", "Void", "Submitted"], "status": "Open"},
  {"invoice": "1028", "invoiced": "08/24/2015", "paid": "08/26/2015", "outstanding": 30, "customer": "Nortax", "total": 8000, "balance": 0, "select": ["Created", "Submited", "Paid", "Void", "Submitted"], "status": "Open"},
  {"invoice": "1029", "invoiced": "08/24/2015", "paid": "08/26/2015", "outstanding": 30, "customer": "Nortax", "total": 1000, "balance": 0, "select": ["Created", "Submited", "Paid", "Void", "Submitted"], "status": "Open"},
  {"invoice": "1030", "invoiced": "08/24/2015", "paid": "08/26/2015", "outstanding": 30, "customer": "Nortax", "total": 1000, "balance": 0, "select": ["Created", "Submited", "Paid", "Void", "Submitted"], "status": "Open"},
  {"invoice": "1031", "invoiced": "08/24/2015", "paid": "08/26/2015", "outstanding": 30, "customer": "Nortax", "total": 1000, "balance": 0, "select": ["Created", "Submited", "Paid", "Void", "Submitted"], "status": "Open"},
  {"invoice": "1032", "invoiced": "08/24/2015", "paid": "08/26/2015", "outstanding": 30, "customer": "Nortax", "total": 1000, "balance": 0, "select": ["Created", "Submited", "Paid", "Void", "Submitted"], "status": "Open"},
  {"invoice": "1033", "invoiced": "08/24/2015", "paid": "08/26/2015", "outstanding": 30, "customer": "Nortax", "total": 1000, "balance": 0, "select": ["Created", "Submited", "Paid", "Void", "Submitted"], "status": "Open"},
  {"invoice": "1034", "invoiced": "08/24/2015", "paid": "08/26/2015", "outstanding": 30, "customer": "Nortax", "total": 1000, "balance": 0, "select": ["Created", "Submited", "Paid", "Void", "Submitted"], "status": "Open"},
  {"invoice": "1035", "invoiced": "08/24/2015", "paid": "08/26/2015", "outstanding": 30, "customer": "Nortax", "total": 1000, "balance": 0, "select": ["Created", "Submited", "Paid", "Void", "Submitted"], "status": "Open"},
  {"invoice": "1036", "invoiced": "08/24/2015", "paid": "08/26/2015", "outstanding": 30, "customer": "Nortax", "total": 1000, "balance": 0, "select": ["Created", "Submited", "Paid", "Void", "Submitted"], "status": "Open"},
  {"invoice": "1037", "invoiced": "08/24/2015", "paid": "08/26/2015", "outstanding": 30, "customer": "Nortax", "total": 1000, "balance": 0, "select": ["Created", "Submited", "Paid", "Void", "Submitted"], "status": "Open"},
  {"invoice": "1038", "invoiced": "08/24/2015", "paid": "08/26/2015", "outstanding": 30, "customer": "Nortax", "total": 1000, "balance": 0, "select": ["Created", "Submited", "Paid", "Void", "Submitted"], "status": "Open"},
  {"invoice": "1039", "invoiced": "08/24/2015", "paid": "08/26/2015", "outstanding": 30, "customer": "Nortax", "total": 1000, "balance": 0, "select": ["Created", "Submited", "Paid", "Void", "Submitted"], "status": "Open"},
  {"invoice": "1040", "invoiced": "08/24/2015", "paid": "08/26/2015", "outstanding": 30, "customer": "Nortax", "total": 1000, "balance": 0, "select": ["Created", "Submited", "Paid", "Void", "Submitted"], "status": "Open"},
  {"invoice": "1041", "invoiced": "08/24/2015", "paid": "08/26/2015", "outstanding": 30, "customer": "Nortax", "total": 1000, "balance": 0, "select": ["Created", "Submited", "Paid", "Void", "Submitted"], "status": "Open"},
  {"invoice": "1042", "invoiced": "08/24/2015", "paid": "08/26/2015", "outstanding": 30, "customer": "Nortax", "total": 1000, "balance": 0, "select": ["Created", "Submited", "Paid", "Void", "Submitted"], "status": "Open"},
  {"invoice": "1043", "invoiced": "08/24/2015", "paid": "08/26/2015", "outstanding": 30, "customer": "Nortax", "total": 1000, "balance": 0, "select": ["Created", "Submited", "Paid", "Void", "Submitted"], "status": "Open"},
  {"invoice": "1044", "invoiced": "08/24/2015", "paid": "08/26/2015", "outstanding": 30, "customer": "Nortax", "total": 1000, "balance": 0, "select": ["Created", "Submited", "Paid", "Void", "Submitted"], "status": "Open"}
]
