[
  {"load": "1021", "pickup": "08/24/2015", "delivery": "08/26/2015", "driver": "Brad Eadie", "customer": "Nortax", "from": "ASA Alloys/ Etobicoke, ON", "to": "ASA Alloys/ Etobicoke, ON", "select": ["Open", "Refused", "Loading", "In Yard", "On Route", "Dispached", "Covered", "Pending", "Delivered"], "status": "Open", "buttons": [{"class":"views", "href": "/"},{"class":"docs", "href": "/"},{"class":"twitter", "href": "/"},{"class":"facebook", "href": "/"},{"class":"linkedin", "href": "/"},{"class":"q", "href": "/"}]},
  {"load": "1022", "pickup": "08/24/2015", "delivery": "08/26/2015", "driver": "Brad Eadie", "customer": "Nortax", "from": "ASA Alloys/ Etobicoke, ON", "to": "ASA Alloys/ Etobicoke, ON", "select": ["Open", "Refused", "Loading", "In Yard", "On Route", "Dispached", "Covered", "Pending", "Delivered"], "status": "Refused", "buttons": [{"class":"views", "href": "/"},{"class":"docs", "href": "/"},{"class":"twitter", "href": "/"},{"class":"facebook", "href": "/"},{"class":"linkedin", "href": "/"},{"class":"q", "href": "/"}]},
  {"load": "1023", "pickup": "08/24/2015", "delivery": "08/26/2015", "driver": "Brad Eadie", "customer": "Nortax", "from": "ASA Alloys/ Etobicoke, ON", "to": "ASA Alloys/ Etobicoke, ON", "select": ["Open", "Refused", "Loading", "In Yard", "On Route", "Dispached", "Covered", "Pending", "Delivered"], "status": "Loading", "buttons": [{"class":"views", "href": "/"},{"class":"docs", "href": "/"},{"class":"twitter", "href": "/"},{"class":"facebook", "href": "/"},{"class":"linkedin", "href": "/"},{"class":"q", "href": "/"}]},
  {"load": "1024", "pickup": "08/24/2015", "delivery": "08/26/2015", "driver": "Brad Eadie", "customer": "Nortax", "from": "ASA Alloys/ Etobicoke, ON", "to": "ASA Alloys/ Etobicoke, ON", "select": ["Open", "Refused", "Loading", "In Yard", "On Route", "Dispached", "Covered", "Pending", "Delivered"], "status": "In Yard", "buttons": [{"class":"views", "href": "/"},{"class":"docs", "href": "/"},{"class":"twitter", "href": "/"},{"class":"facebook", "href": "/"},{"class":"linkedin", "href": "/"},{"class":"q", "href": "/"}]},
  {"load": "1025", "pickup": "08/24/2015", "delivery": "08/26/2015", "driver": "Brad Eadie", "customer": "Nortax", "from": "ASA Alloys/ Etobicoke, ON", "to": "ASA Alloys/ Etobicoke, ON", "select": ["Open", "Refused", "Loading", "In Yard", "On Route", "Dispached", "Covered", "Pending", "Delivered"], "status": "On Route", "buttons": [{"class":"views", "href": "/"},{"class":"docs", "href": "/"},{"class":"twitter", "href": "/"},{"class":"facebook", "href": "/"},{"class":"linkedin", "href": "/"},{"class":"q", "href": "/"}]},
  {"load": "1026", "pickup": "08/24/2015", "delivery": "08/26/2015", "driver": "Brad Eadie", "customer": "AWF", "from": "ASA Alloys/ Etobicoke, ON", "to": "ASA Alloys/ Etobicoke, ON", "select": ["Open", "Refused", "Loading", "In Yard", "On Route", "Dispached", "Covered", "Pending", "Delivered"], "status": "Dispached", "buttons": [{"class":"views", "href": "/"},{"class":"docs", "href": "/"},{"class":"twitter", "href": "/"},{"class":"facebook", "href": "/"},{"class":"linkedin", "href": "/"},{"class":"q", "href": "/"}]},
  {"load": "1027", "pickup": "08/24/2015", "delivery": "08/26/2015", "driver": "Brad Eadie", "customer": "AWF", "from": "ASA Alloys/ Etobicoke, ON", "to": "ASA Alloys/ Etobicoke, ON", "select": ["Open", "Refused", "Loading", "In Yard", "On Route", "Dispached", "Covered", "Pending", "Delivered"], "status": "Covered", "buttons": [{"class":"views", "href": "/"},{"class":"docs", "href": "/"},{"class":"twitter", "href": "/"},{"class":"facebook", "href": "/"},{"class":"linkedin", "href": "/"},{"class":"q", "href": "/"}]},
  {"load": "1028", "pickup": "08/24/2015", "delivery": "08/26/2015", "driver": "Brad Eadie", "customer": "CB Tracking", "from": "ASA Alloys/ Etobicoke, ON", "to": "ASA Alloys/ Etobicoke, ON", "select": ["Open", "Refused", "Loading", "In Yard", "On Route", "Dispached", "Covered", "Pending", "Delivered"], "status": "Pending", "buttons": [{"class":"views", "href": "/"},{"class":"docs", "href": "/"},{"class":"twitter", "href": "/"},{"class":"facebook", "href": "/"},{"class":"linkedin", "href": "/"},{"class":"q", "href": "/"}]},
  {"load": "1029", "pickup": "08/24/2015", "delivery": "08/26/2015", "driver": "Brad Eadie", "customer": "Nortax", "from": "ASA Alloys/ Etobicoke, ON", "to": "ASA Alloys/ Etobicoke, ON", "select": ["Open", "Refused", "Loading", "In Yard", "On Route", "Dispached", "Covered", "Pending", "Delivered"], "status": "Delivered", "buttons": [{"class":"views", "href": "/"},{"class":"docs", "href": "/"},{"class":"twitter", "href": "/"},{"class":"facebook", "href": "/"},{"class":"linkedin", "href": "/"},{"class":"q", "href": "/"}]},
  {"load": "1030", "pickup": "08/24/2015", "delivery": "08/26/2015", "driver": "Brad Eadie", "customer": "Nortax", "from": "ASA Alloys/ Etobicoke, ON", "to": "ASA Alloys/ Etobicoke, ON", "select": ["Open", "Refused", "Loading", "In Yard", "On Route", "Dispached", "Covered", "Pending", "Delivered"], "status": "open", "buttons": [{"class":"views", "href": "/"},{"class":"docs", "href": "/"},{"class":"twitter", "href": "/"},{"class":"facebook", "href": "/"},{"class":"linkedin", "href": "/"},{"class":"q", "href": "/"}]},
  {"load": "1031", "pickup": "08/24/2015", "delivery": "08/26/2015", "driver": "Brad Eadie", "customer": "AWF", "from": "ASA Alloys/ Etobicoke, ON", "to": "ASA Alloys/ Etobicoke, ON", "select": ["Open", "Refused", "Loading", "In Yard", "On Route", "Dispached", "Covered", "Pending", "Delivered"], "status": "open", "buttons": [{"class":"views", "href": "/"},{"class":"docs", "href": "/"},{"class":"twitter", "href": "/"},{"class":"facebook", "href": "/"},{"class":"linkedin", "href": "/"},{"class":"q", "href": "/"}]},
  {"load": "1032", "pickup": "08/24/2015", "delivery": "08/26/2015", "driver": "Brad Eadie", "customer": "AWF", "from": "ASA Alloys/ Etobicoke, ON", "to": "ASA Alloys/ Etobicoke, ON", "select": ["Open", "Refused", "Loading", "In Yard", "On Route", "Dispached", "Covered", "Pending", "Delivered"], "status": "open", "buttons": [{"class":"views", "href": "/"},{"class":"docs", "href": "/"},{"class":"twitter", "href": "/"},{"class":"facebook", "href": "/"},{"class":"linkedin", "href": "/"},{"class":"q", "href": "/"}]},
  {"load": "1033", "pickup": "08/24/2015", "delivery": "08/26/2015", "driver": "Brad Eadie", "customer": "Nortax", "from": "ASA Alloys/ Etobicoke, ON", "to": "ASA Alloys/ Etobicoke, ON", "select": ["Open", "Refused", "Loading", "In Yard", "On Route", "Dispached", "Covered", "Pending", "Delivered"], "status": "open", "buttons": [{"class":"views", "href": "/"},{"class":"docs", "href": "/"},{"class":"twitter", "href": "/"},{"class":"facebook", "href": "/"},{"class":"linkedin", "href": "/"},{"class":"q", "href": "/"}]},
  {"load": "1034", "pickup": "08/24/2015", "delivery": "08/26/2015", "driver": "Brad Eadie", "customer": "CB Tracking", "from": "ASA Alloys/ Etobicoke, ON", "to": "ASA Alloys/ Etobicoke, ON", "select": ["Open", "Refused", "Loading", "In Yard", "On Route", "Dispached", "Covered", "Pending", "Delivered"], "status": "open", "buttons": [{"class":"views", "href": "/"},{"class":"docs", "href": "/"},{"class":"twitter", "href": "/"},{"class":"facebook", "href": "/"},{"class":"linkedin", "href": "/"},{"class":"q", "href": "/"}]}
]
