[
  {"trailer": "142", "type": "Gas", "status": "Active", "license": 12345, "exp": "04/24/2026", "vin": 709, "reg": "AK"},
  {"trailer": "142", "type": "Gas", "status": "Active", "license": 12345, "exp": "04/24/2026", "vin": 709, "reg": "AK"},
  {"trailer": "142", "type": "Gas", "status": "Active", "license": 12345, "exp": "04/24/2026", "vin": 709, "reg": "AK"},
  {"trailer": "142", "type": "Gas", "status": "Active", "license": 12345, "exp": "04/24/2026", "vin": 709, "reg": "AK"},
  {"trailer": "142", "type": "Gas", "status": "Active", "license": 12345, "exp": "04/24/2026", "vin": 709, "reg": "AK"},
  {"trailer": "142", "type": "Gas", "status": "Active", "license": 12345, "exp": "04/24/2026", "vin": 709, "reg": "AK"},
  {"trailer": "142", "type": "Gas", "status": "Active", "license": 12345, "exp": "04/24/2026", "vin": 709, "reg": "AK"},
  {"trailer": "142", "type": "Gas", "status": "Active", "license": 12345, "exp": "04/24/2026", "vin": 709, "reg": "AK"},
  {"trailer": "142", "type": "Gas", "status": "Active", "license": 12345, "exp": "04/24/2026", "vin": 709, "reg": "AK"},
  {"trailer": "142", "type": "Gas", "status": "Active", "license": 12345, "exp": "04/24/2026", "vin": 709, "reg": "AK"},
  {"trailer": "142", "type": "Gas", "status": "Active", "license": 12345, "exp": "04/24/2026", "vin": 709, "reg": "AK"},
  {"trailer": "142", "type": "Gas", "status": "Active", "license": 12345, "exp": "04/24/2026", "vin": 709, "reg": "AK"},
  {"trailer": "142", "type": "Gas", "status": "Active", "license": 12345, "exp": "04/24/2026", "vin": 709, "reg": "AK"},
  {"trailer": "142", "type": "Gas", "status": "Active", "license": 12345, "exp": "04/24/2026", "vin": 709, "reg": "AK"},
  {"trailer": "142", "type": "Gas", "status": "Active", "license": 12345, "exp": "04/24/2026", "vin": 709, "reg": "AK"},
  {"trailer": "142", "type": "Gas", "status": "Active", "license": 12345, "exp": "04/24/2026", "vin": 709, "reg": "AK"}
]
