[
  {"color": "#53c1b8", "fulfill": "100", "value": "346", "label": "Total Loads"},
  {"color": "#f25856", "fulfill": "85", "value": "294", "label": "Pending Loads"},
  {"color": "#008fd8", "fulfill": "32", "value": "111", "label": "Open Loads"},
  {"color": "#d4538e", "fulfill": "68", "value": "235", "label": "On Route Loads"},
  {"color": "#bcaa56", "fulfill": "75", "value": "259", "label": "Covered Loads"},
  {"color": "#0cc1bc", "fulfill": "52", "value": "180", "label": "Delivered Loads"}
]
